test_batch,feature,ks_statistic,absolute_standardized_mean_shift,standard_deviation_ratio
4,feature_1,0.3378104404722393,0.44821321827771426,0.5778638380296718
4,feature_2,0.18242662747143346,0.14246511105543413,0.6103409138923639
4,feature_3,0.17933905457304056,0.3472376016874964,0.6636118845497494
4,feature_4,0.16498790953487263,0.2159595639734894,0.6870066095825712
4,feature_5,0.14555023469726425,0.22257248025628132,0.5719660250868718
4,feature_6,0.1618017163719122,0.27915677797777877,0.5866313163262599
4,feature_7,0.15021004219809392,0.07637129535374593,0.8139381326558712
4,feature_8,0.1657218718884832,0.5831187606155773,1.674368637879363
4,feature_9,0.3320013275804845,0.44967732889019085,0.6177853966230296
4,feature_10,0.19891517708975404,0.44237614107914286,1.4878950371714943
4,feature_11,0.17988146602816363,0.33077640903161615,0.7039813545039425
4,feature_12,0.10379213882698779,0.16973074737147695,0.7243394402011746
4,feature_13,0.1270816936133895,0.1540190887528917,0.5072299117886883
4,feature_14,0.16291878052249775,0.2710751941526509,0.6377226543721572
4,feature_15,0.18599592243136875,0.061926430204790134,0.8231552934649005
4,feature_16,0.1647925655492864,0.468577131306616,1.5254308149958296
4,feature_17,0.18851073917784833,0.06137673767708287,1.0423404770795108
4,feature_18,0.24074723815845617,0.10479185007234912,1.4791916092964765
4,feature_19,0.2303598691384951,0.2140912964451309,0.7283260290410973
4,feature_20,0.4228021430942108,0.41201442801324395,0.5208457682627434
4,feature_21,0.42597506045232564,0.06544903362325395,0.10954877330033098
4,feature_22,0.16488928927030483,0.07119235215308971,0.7949009359641582
4,feature_23,0.41344080413446493,0.5825951250449907,0.8866427503078544
4,feature_24,0.3770385472476411,2.8185972911936825,4.847624191614489
4,feature_25,0.17232753307097812,0.04277852671478643,1.0329447868846253
4,feature_26,0.21071926414110279,0.04712466822578961,1.172307578676357
4,feature_27,0.24065999715518466,0.19707093839042117,0.5891518741884557
4,feature_28,0.42403868948840745,0.2704997092862306,0.3547737496654574
4,feature_29,0.41884784979375095,0.001073796148515329,0.03946850765330736
4,feature_30,0.1879986724195154,0.07051057793748942,0.7681166693097773
4,feature_31,0.40213550803660325,0.22937600075156156,0.4022639535224791
4,feature_32,0.38595988810393056,0.24423103011905986,0.5047732209267909
4,feature_33,0.27497795268123837,0.29341771107952275,1.0704802820004793
4,feature_34,0.31335451140296805,0.13289299929088408,0.13586729229713243
4,feature_35,0.19723673604855152,0.2799840796177129,0.9127629070754678
4,feature_36,0.3578227680053103,0.44962649084459405,0.6441069386982167
4,feature_37,0.43909724527049454,0.20456923466173824,0.29653323688995276
4,feature_38,0.24455549760561385,0.21115736232438123,0.9731068457624032
4,feature_39,0.17770423403347396,0.1398888206180086,0.4327229319584649
4,feature_40,0.41457873026409364,0.2609094993804118,0.5031745826752145
4,feature_41,0.2337641648096344,0.2787822331268573,1.0047184589615783
4,feature_42,0.2768707031435209,0.01879037273618605,0.0014531798742787752
4,feature_43,0.24373808733583044,0.31381622879279203,0.8163364100124113
4,feature_44,0.43105400407756866,0.48158251085681447,0.5863535563861483
4,feature_45,0.4599649139443365,0.22848269170453275,0.29532995868776424
4,feature_46,0.2015987862121284,0.24111257442252454,0.8877525099139204
4,feature_47,0.21251908396946562,0.22466679673295237,0.8060822005632815
4,feature_48,0.3670418661988525,0.5081294947396403,0.9644946044071874
4,feature_49,0.1036480015172348,0.04589229205231748,1.009658855340595
4,feature_50,0.1504395239675691,0.016495865226106955,0.043439917454518494
4,feature_51,0.31845621355080367,0.381449376236833,0.7866790298289796
4,feature_52,0.42382248352377794,0.7705475737918516,0.8521522386422267
4,feature_53,0.4221383528519274,0.7542656179491739,0.8992585034026908
4,feature_54,0.1534834763643259,0.11104864318075447,0.8090704647591214
4,feature_55,0.37358304490066846,1.0007450630650212,1.5244553800337217
4,feature_56,0.3297027167986344,4.192788681939875,8.0077524529185
4,feature_57,0.06924280498790958,0.0022192675008297132,0.993310982889329
4,feature_58,0.13597648285998765,0.01740021754928611,0.020877846926053698
4,feature_59,0.3717870181594045,0.42988603255817764,0.768368807365597
4,feature_60,0.4348300222843868,0.7820234900928434,0.8356723461679406
4,feature_61,0.4374738039922242,0.783754114367782,0.9105285262404476
4,feature_62,0.17279977241477407,0.15770104214943442,0.7916182525313575
4,feature_63,0.38539471812621495,1.0812065933757207,1.4944494538272421
4,feature_64,0.33763406192214684,5.164148033137699,9.921588537158893
4,feature_65,0.3381081978094922,0.44436396196310496,0.6441048747854115
4,feature_66,0.22392489687544448,0.25777145584500893,1.5185686141108883
4,feature_67,0.22923521881371195,0.3506378617000155,0.731747362540258
4,feature_68,0.14356834668816082,0.23439839481487257,0.7456502146894933
4,feature_69,0.17150443317054664,0.24815483751111897,0.6868368705502389
4,feature_70,0.19622398179318193,0.2638985496310458,0.6645657961833225
4,feature_71,0.13411028400739644,0.023178411316144457,0.9409198426765109
4,feature_72,0.19103693518562415,0.6682849642971852,2.0659973245582166
4,feature_73,0.3357621734389076,0.46043059701613387,0.5844260581819699
4,feature_74,0.2146147645915319,0.18291855186911976,1.3996378672920644
4,feature_75,0.21885353942439895,0.3909614595251161,0.6390720315703885
4,feature_76,0.1852316153809681,0.2964659136045561,0.6315065624853601
4,feature_77,0.19663363519984822,0.3165814795307775,0.586754453817918
4,feature_78,0.2263562657057513,0.30614971085144305,0.5943709161518486
4,feature_79,0.16772272533308047,0.04217944490898118,0.8146966320547623
4,feature_80,0.1775923379640605,0.6469981684739321,1.9781180888951935
4,feature_81,0.1852733393390546,0.04146129292755901,1.1465848180489184
4,feature_82,0.25815181831112793,0.208561098813965,1.8738973277097586
4,feature_83,0.27260158361386383,0.325798702106888,0.9026959223141163
4,feature_84,0.43605139633018825,0.6503219492744138,0.8496580976475802
4,feature_85,0.4409293063391969,0.6889342449905571,0.8525875389408628
4,feature_86,0.18270352282964292,0.165609577421426,0.8818706754389585
4,feature_87,0.44489877198805167,0.8826815066627773,1.1348629991863144
4,feature_88,0.43850931677018623,3.475627418314561,5.965510839350623
4,feature_89,0.19890190128490837,0.0363343771845945,1.1350520410222922
4,feature_90,0.2608999099141814,0.07029497838396069,1.5599831873146424
4,feature_91,0.27128348584704376,0.3441779756794538,0.8758114116892209
4,feature_92,0.41537717509838323,0.7122186152314608,0.8813309688484097
4,feature_93,0.42718884832392967,0.7208981833399438,0.8859980268467949
4,feature_94,0.18496799582760415,0.16026441136534722,0.8674502178562495
4,feature_95,0.42547626949883827,0.8013967442804147,1.1128013568339508
4,feature_96,0.4405424114551229,2.6564409116972265,4.4893591758021305
4,feature_97,0.17558579488881518,0.2920184567329585,1.0780300357047248
4,feature_98,0.14735384761272563,0.18426963973609803,0.7613751938840192
4,feature_99,0.4312626238680006,1.051400582076761,1.0323745939904851
4,feature_100,0.5582267317813285,1.2594148976568764,0.9757651158832131
4,feature_101,0.5557839836897255,0.7883650632646302,0.711934345118799
4,feature_102,0.14237731733914927,0.2782552142132938,0.991356486988495
4,feature_103,0.37043288606514624,1.0997038204796843,1.5242044072674765
4,feature_104,0.4669935043383433,1.4418166308363756,2.6107255268881024
4,feature_105,0.1356749324356361,0.2339396419642038,1.0551213525523178
4,feature_106,0.18084491015124926,0.17971363062957196,0.8321506780898583
4,feature_107,0.4904025413683562,0.9907602822115684,0.9268611422778261
4,feature_108,0.5473310890901333,1.2561797125822658,0.9575026446841807
4,feature_109,0.5479341899388366,0.7355990485190858,0.6611367070905673
4,feature_110,0.13578682850504942,0.191147470488449,0.9414531843133402
4,feature_111,0.3796899151296761,0.9629259551101442,1.460929073073205
4,feature_112,0.4565701009909439,1.1981834256778363,2.1296376298383732
4,feature_113,0.14247783414726667,0.200437188863659,1.0757444728601375
4,feature_114,0.12388412118913283,0.14368356612447755,1.5069456706069433
4,feature_115,0.4112806410317197,0.6928646838682375,0.9223471179851895
4,feature_116,0.4372727703759898,0.9557076537502625,0.9986685838769479
4,feature_117,0.42905694372007025,0.9547322936498026,1.095803992311389
4,feature_118,0.204646531695984,0.3048393457102049,0.8975030687403291
4,feature_119,0.4162344127827035,1.133105857418593,1.5050695143363648
4,feature_120,0.4204542221800768,3.5956452102176737,6.32372244340245
4,feature_121,0.13845147219193027,0.17620993174822125,1.0716231229759896
4,feature_122,0.11758190697453888,0.14182630948979172,1.5244294291775287
4,feature_123,0.42054525627044714,0.6650016093492228,0.9191454519595585
4,feature_124,0.4381888009103409,0.9133606201929826,0.9357982158706072
4,feature_125,0.4317007254279077,1.016539882666735,1.138337334190377
4,feature_126,0.2298933194253473,0.296283591226643,0.880209406024987
4,feature_127,0.38945332132189076,1.259267807888263,1.740935111708218
4,feature_128,0.40695462519558095,3.6273225172756276,7.036170631462826
5,feature_1,0.2150594186369465,0.045677719872577585,0.6366192968741518
5,feature_2,0.3389728346619549,0.15409541180001232,0.5948984058745208
5,feature_3,0.24565218675948303,0.037534265034383375,0.696483502419108
5,feature_4,0.2491446198211827,0.07871282806997507,0.761679052152075
5,feature_5,0.25027478534241804,0.06488524915040605,0.727745538812217
5,feature_6,0.23892437789189414,0.030735572892305194,0.6289558810990726
5,feature_7,0.23135743959154487,0.022254563622389686,0.750309210794974
5,feature_8,0.26324288069588647,0.12127066724386065,1.049089136017259
5,feature_9,0.22233532084882085,0.00355236461861677,0.6862681112179829
5,feature_10,0.378323277568652,0.4274659103895013,1.3698992333732747
5,feature_11,0.24881960490004312,0.10729504615418946,0.7471834632810486
5,feature_12,0.2641839466266406,0.18643295325542836,0.8439979484654623
5,feature_13,0.25767921618219747,0.11915111719495362,0.652829603738561
5,feature_14,0.25143892969631787,0.04187075995700858,0.7002685093294432
5,feature_15,0.24183473877664385,0.11084698514859269,0.8427155389210965
5,feature_16,0.26569969803159144,0.21914026364769573,1.1820650443383904
5,feature_17,0.3996605071414642,0.5643952480944568,0.7419321286689406
5,feature_18,0.21769499417927823,0.02355927068205567,0.8177809019925093
5,feature_19,0.4918849683553654,0.42727723185210637,0.7364448176743158
5,feature_20,0.47998646756055613,0.2982942289899828,0.6179481810759019
5,feature_21,0.5204404838585772,0.04364040783013286,0.1209990050491184
5,feature_22,0.34887249369175577,0.39630102933809475,0.7840264303943387
5,feature_23,0.35203991183231587,0.3036848785049826,0.6859813570379252
5,feature_24,0.4300937224845322,0.40997845216764034,0.6142241799724504
5,feature_25,0.4034439762916388,0.6008792883995812,0.7500138672362079
5,feature_26,0.2377764842840512,0.007373277576114353,0.6780731312553093
5,feature_27,0.48044001110960094,0.36855634951484467,0.6403445206273541
5,feature_28,0.5364474687247006,0.19281542167888124,0.42725674191750407
5,feature_29,0.550288672343594,0.008641898578974874,0.04375461080968896
5,feature_30,0.3652502910360885,0.40314425945812876,0.7664963186398629
5,feature_31,0.36104725716953356,0.1241230015292869,0.3342340410205435
5,feature_32,0.42708881180454183,0.026745425298387616,0.10215558235736592
5,feature_33,0.36056268946892567,0.30375650055817793,0.6583486193257682
5,feature_34,0.22867458915159278,0.09257313643438839,0.09621039322442282
5,feature_35,0.4052271263362546,0.5395674553541151,0.634495466694937
5,feature_36,0.48466520508441524,0.5206571642449435,0.5187351315242023
5,feature_37,0.5400226328572357,0.2412527975361518,0.23814441828725347
5,feature_38,0.33760481731206743,0.1955140124246143,0.620925913064871
5,feature_39,0.3345659277994125,0.08086060008635329,0.26209733261052415
5,feature_40,0.4164755972887845,0.03367031506676335,0.08133541330181937
5,feature_41,0.3560686195138959,0.2128855478649686,0.600559536213511
5,feature_42,0.23076059400908855,0.018077117847156928,0.0010535655089539571
5,feature_43,0.3634242981155044,0.4584326221625439,0.5861205585360187
5,feature_44,0.45749691235824913,0.4576703592504324,0.4946166322797862
5,feature_45,0.494722939553134,0.2277252426100188,0.2378919179842728
5,feature_46,0.2964062213765268,0.06811418663483651,0.5592621991061872
5,feature_47,0.2798171643334534,0.03770149014230706,0.4219567920325223
5,feature_48,0.45424971782795476,0.0744526961842916,0.14498307545873662
5,feature_49,0.30846722963190587,0.49508040234017864,0.7567603933676644
5,feature_50,0.18045714825998832,0.020270989622867715,0.027217785042419458
5,feature_51,0.38242142025611175,0.4443326332217088,0.7281043051333764
5,feature_52,0.4373208724582356,0.4425423770855827,0.8251394197172712
5,feature_53,0.4605697807035687,0.42518192691529433,0.7809066392794167
5,feature_54,0.2949170621014874,0.36540684270943574,0.7780564937291332
5,feature_55,0.2811098373152585,0.2983415737063305,0.7568452955051155
5,feature_56,0.39116284429421533,0.2414911987731355,0.5234274403405224
5,feature_57,0.3139969153129303,0.5163475943076637,0.7517360505584101
5,feature_58,0.17259917387116408,0.01893682775899557,0.013399515551441386
5,feature_59,0.39742676822890505,0.4500796615398023,0.7324042296598533
5,feature_60,0.45325989965902985,0.4485163080334184,0.8118092876322338
5,feature_61,0.47188620932142794,0.441821675820445,0.7889775650222334
5,feature_62,0.3014823635085065,0.3816917927287875,0.7790168813249162
5,feature_63,0.28872257317267747,0.3040963698982509,0.7489677997832228
5,feature_64,0.38184968946301623,0.17699529361098149,0.4214793285386923
5,feature_65,0.21522192609751628,0.05286411745215662,0.6346181257283167
5,feature_66,0.3397513931321392,0.2802762791735744,1.1718539547654079
5,feature_67,0.22902915088374515,0.0008342588693226055,0.6793554975944309
5,feature_68,0.23019329523764503,0.015884992543068993,0.7099024153534425
5,feature_69,0.23966895752941392,0.09925359951856767,0.8104056097827592
5,feature_70,0.22815604261832023,0.057081940426068595,0.637059440769357
5,feature_71,0.220298068229496,0.009771970532674519,0.735376616704353
5,feature_72,0.24532717183834346,0.21113613306869786,1.1026364574150254
5,feature_73,0.27871802296378145,0.16077582656924558,0.5281617076195668
5,feature_74,0.32914556531913514,0.2213237815643755,1.032830965342522
5,feature_75,0.24586492379877434,0.1452811082135233,0.545088418131052
5,feature_76,0.2172902028684044,0.14392321309862613,0.5521880148474888
5,feature_77,0.20632833598269745,0.06930183928632719,0.631882930998493
5,feature_78,0.2608362929389031,0.1707160501192737,0.5330556675409039
5,feature_79,0.2157936568906118,0.12089846311073559,0.5988183091965491
5,feature_80,0.21422028920418618,0.06807911349469302,0.8796625131466762
5,feature_81,0.3350992477381916,0.6205836518998339,0.8569080387782204
5,feature_82,0.19190949220850595,0.09502051828892592,0.9678155430586196
5,feature_83,0.42454187669524823,0.49885516029118837,0.8444917667309422
5,feature_84,0.40129296844991513,0.4143936417431452,0.9658439836442574
5,feature_85,0.4154591869899482,0.48855755840924364,0.9689067846954239
5,feature_86,0.3506187102226056,0.46624941828882593,0.8661099772421061
5,feature_87,0.34929205840813593,0.43613103083984794,0.8668289809741272
5,feature_88,0.4580405736808825,0.5129392007918141,0.8131145978088908
5,feature_89,0.36961583236321305,0.6158538882235414,0.8330349399899472
5,feature_90,0.1720023282887078,0.021516560251981228,0.8717443569419198
5,feature_91,0.41060612328111423,0.4951430426035721,0.8283693068113342
5,feature_92,0.363167240859694,0.4054317754125607,0.9324179655920938
5,feature_93,0.41206130372348915,0.47145110355653036,0.8854733676363096
5,feature_94,0.3457050755511958,0.44309040910275027,0.8598991646333375
5,feature_95,0.3444729735319666,0.4143978723516194,0.8541411321622476
5,feature_96,0.45269998759033925,0.4781602738312054,0.7058810144585096
5,feature_97,0.4467625559173398,0.7063784950540709,0.7879022069203167
5,feature_98,0.19877764842840512,0.14560065033856548,0.6547531638595009
5,feature_99,0.4937671002168736,0.8513435867791185,0.8144256753706407
5,feature_100,0.5442256667237906,0.892492872121033,0.7904078522167373
5,feature_101,0.593376786843396,0.6040904153459407,0.5057671341674757
5,feature_102,0.3376993671073081,0.5077182312099352,0.8004810631246267
5,feature_103,0.3220173971623242,0.43375626242403553,0.7176096675965615
5,feature_104,0.6130195068046305,0.2055724104005228,0.24791793234290527
5,feature_105,0.47754442363035754,0.6379937319601127,0.742265861832902
5,feature_106,0.18975552968568102,0.14080035688607623,0.684360842523543
5,feature_107,0.4861661830838597,0.7827780029989405,0.7596250251057577
5,feature_108,0.5128055878928988,0.8399167677054283,0.7740508665850662
5,feature_109,0.5694852354585369,0.5370466225321775,0.4669861469488149
5,feature_110,0.34079144087978586,0.41695359627003603,0.7452599691523769
5,feature_111,0.32009389976539837,0.3377962392243453,0.6364767968065892
5,feature_112,0.5932896237509084,0.21854865060419196,0.25251377673341013
5,feature_113,0.34455570460280227,0.6653979476676832,0.9161819201870989
5,feature_114,0.15834579223864367,0.03679553305333519,0.8799972375889072
5,feature_115,0.40834579223864376,0.573301159168795,0.8790557510897049
5,feature_116,0.4529082926079788,0.498223130297819,0.9845369560584393
5,feature_117,0.45629878917168465,0.5095782638702517,0.9743040421914598
5,feature_118,0.3228905054277491,0.5202690969769275,0.9196998452086598
5,feature_119,0.30306607257878654,0.4438597110611635,0.9238493084112056
5,feature_120,0.44652027206703576,0.3597176978213878,0.7260213963234469
5,feature_121,0.3508299699213464,0.609278832023335,0.8865788546225173
5,feature_122,0.15575305957228033,0.04844316176479345,0.882455363151403
5,feature_123,0.3917833273254817,0.5522583781898905,0.8558496856800322
5,feature_124,0.4152627006967138,0.4658743830135439,0.9045639976991434
5,feature_125,0.4397437109612759,0.5369746093579997,0.9738550933538118
5,feature_126,0.3211442888968993,0.4758205380740093,0.8953675259686421
5,feature_127,0.31354337176388547,0.39539410262294516,0.8807885153062486
5,feature_128,0.44749531683045446,0.3304201204273577,0.6461660323745537
6,feature_1,0.30757967424215227,0.42964000263211233,0.39498745319420153
6,feature_2,0.13150899364520874,0.10528884585041252,0.1803222975503838
6,feature_3,0.2775353941526346,0.4022552066175847,0.4381845408547015
6,feature_4,0.25932155722304007,0.35056549265586767,0.47953088900158836
6,feature_5,0.22632427386636988,0.20907272961608417,0.4660520336833934
6,feature_6,0.30532689476896563,0.43187256115788397,0.4023479766317888
6,feature_7,0.2816328582199404,0.37105529516253466,0.48790329085148687
6,feature_8,0.2827547002716644,0.31756980022525033,0.3424294653444891
6,feature_9,0.316171567395493,0.40664895274138324,0.4509379712540636
6,feature_10,0.12895977692408966,0.17694390830981266,0.39579275405019454
6,feature_11,0.29348819397072734,0.3786666268921332,0.49492025065933426
6,feature_12,0.27338491365382545,0.3309668689831389,0.5217152841796049
6,feature_13,0.2277757033952058,0.13671767916847632,0.4350756068700502
6,feature_14,0.32342871503967263,0.41301522835012994,0.46052959518242936
6,feature_15,0.319468638925789,0.37167311360037,0.4602301689733073
6,feature_16,0.30616701971062366,0.2638760668325963,0.41045812269663096
6,feature_17,0.3473587524982348,0.5971592105498517,0.7526035705689961
6,feature_18,0.31518675426943843,0.5393322497268112,0.46367476907485305
6,feature_19,0.1804177886283943,0.34496655217733185,0.7469220238069975
6,feature_20,0.1158747711198076,0.08678643869716703,0.5830335681415704
6,feature_21,0.19227180794408738,0.004915181145587001,0.11733511197547764
6,feature_22,0.3082767864622602,0.548182050080996,0.6958173848024717
6,feature_23,0.2799624217618688,0.3899768582351836,0.5925585659367008
6,feature_24,0.36744180758505973,0.23136437567722856,0.46905891079722456
6,feature_25,0.33098457377421947,0.5703087093356588,0.7839715885988172
6,feature_26,0.3077046159001424,0.48725866112752425,0.3966176010446442
6,feature_27,0.17750571452506614,0.2888430935632063,0.650600693884033
6,feature_28,0.1271694251965677,0.09519660643919224,0.4005324303726387
6,feature_29,0.1760121590732297,0.024940398166265577,0.041094787113172646
6,feature_30,0.2997438935363037,0.5132014757851396,0.6866067938760442
6,feature_31,0.2770411326128843,0.21825546730795153,0.28762858956105003
6,feature_32,0.33950968776553103,0.005816559265945851,0.07672217227556101
6,feature_33,0.5836660323843033,1.0975189316557095,0.5089682775165926
6,feature_34,0.4346933304611113,0.19359362082064957,0.09149135725653051
6,feature_35,0.48078950202850684,0.8324394046415344,0.5112317188715793
6,feature_36,0.34318206297346787,0.45613948601614007,0.37480957502851514
6,feature_37,0.2915946816022212,0.03344575003388768,0.1501034985262024
6,feature_38,0.5809540564152276,0.9751112168080704,0.43578706735332645
6,feature_39,0.4477870726073792,0.3010221983718262,0.16319310205749907
6,feature_40,0.6690489354827128,0.07062169821218268,0.051495087910728723
6,feature_41,0.5878326691319906,1.1157447432524026,0.49702303302617
6,feature_42,0.4412989624097943,0.018593875231717544,0.0009799150456541313
6,feature_43,0.46565791835708903,0.809831503278277,0.5242774783740388
6,feature_44,0.29068299046182944,0.3788638871112143,0.411441699009962
6,feature_45,0.2951416364484975,0.007252437338301869,0.1737902253255035
6,feature_46,0.5792554961165164,1.0119503731453432,0.4271359212386816
6,feature_47,0.43870043921061763,0.5429354910344458,0.2962578058161064
6,feature_48,0.7341934441532331,0.1976109015523201,0.10730547447382639
6,feature_49,0.3310122189111885,0.59542709748062,0.6962824644741835
6,feature_50,0.35208331837384366,0.03792529509177371,0.015296363768932165
6,feature_51,0.18876602161347078,0.3493670023140864,0.7523641282397014
6,feature_52,0.12310080302540716,0.06757922850254174,0.8224435314335872
6,feature_53,0.1742396390574324,0.14947840765446127,0.7677593367305495
6,feature_54,0.33924364820067254,0.582489253700335,0.664539192825816
6,feature_55,0.29114134922629525,0.46077250090139454,0.6170154639220723
6,feature_56,0.33385105135293636,0.12251383768843904,0.3469067431581098
6,feature_57,0.3381093598535167,0.5844170392045169,0.7094270597177923
6,feature_58,0.34556481049318444,0.027496442782912474,0.007710193843751906
6,feature_59,0.18243516557163209,0.34313074396667326,0.7485026766532682
6,feature_60,0.1205384219533504,0.08349796465362183,0.7985652496193673
6,feature_61,0.16670173171052788,0.12630322061901653,0.7652267391456058
6,feature_62,0.33422037123469645,0.5801316590464738,0.6620332460636064
6,feature_63,0.3095156715614117,0.48145697141745825,0.595787912722066
6,feature_64,0.31004775069112844,0.04158673789027253,0.2761759811554109
6,feature_65,0.33111645663543127,0.4528069824322802,0.407492412202431
6,feature_66,0.1854392704556062,0.33901505039013313,0.36062087473628957
6,feature_67,0.3178083749207147,0.46334107468121316,0.4279411618928234
6,feature_68,0.3023650354839097,0.44379338772595306,0.4263001579371385
6,feature_69,0.25869589152574834,0.3161583167029911,0.45954374109972757
6,feature_70,0.3294211275864958,0.48442196973460766,0.4091586165475958
6,feature_71,0.3286829665266458,0.45351719016456893,0.42038849107358195
6,feature_72,0.2374658624445003,0.3122928262294894,0.3864631862170576
6,feature_73,0.36407424693928847,0.5608988125271858,0.31250763424799133
6,feature_74,0.20985231991766296,0.38800370421514835,0.3092551493598802
6,feature_75,0.3674883615170119,0.5730864240745395,0.3108414320246515
6,feature_76,0.35988128148972587,0.5517244502742824,0.3043394816517557
6,feature_77,0.3200905946696346,0.4647273005101033,0.3262883472458069
6,feature_78,0.3803110377098816,0.5768294804850118,0.31860243212065853
6,feature_79,0.35714991802199647,0.5544700340234645,0.32336236129722223
6,feature_80,0.28668150648045093,0.4306844922559097,0.27403819156548026
6,feature_81,0.3179124929690399,0.5369183885813921,0.7726391579621119
6,feature_82,0.3645693462104621,0.5827016773908265,0.4510767479705913
6,feature_83,0.21741739369786617,0.3682120378465869,0.7729736705968553
6,feature_84,0.1588988618820235,0.21772889756116165,0.7760231188134674
6,feature_85,0.12595591139195061,0.06629456061446826,0.7663864905351605
6,feature_86,0.306387343074953,0.558394034945395,0.7080685944253466
6,feature_87,0.30966825835637096,0.5216356453421116,0.6471530462989474
6,feature_88,0.1468613793846264,0.10750751828395726,0.3837203257289074
6,feature_89,0.3148630309122895,0.49612000373529413,0.7531999521469589
6,feature_90,0.3688959896600007,0.6030121651111456,0.44578207847986356
6,feature_91,0.1890099211335703,0.3121898610891245,0.7879897404795437
6,feature_92,0.12678167522349482,0.11355121277673833,0.8509864958782627
6,feature_93,0.14521200588805516,0.06632458497721126,0.8064967749269937
6,feature_94,0.2972536770425687,0.5038839104851307,0.7067007026782668
6,feature_95,0.3041069184647973,0.45473801944158654,0.6567766073681305
6,feature_96,0.14543436374298402,0.062315212990651875,0.3725547060865598
6,feature_97,0.32766631960650555,0.6651540262635243,0.7175316543940374
6,feature_98,0.29451549204753535,0.6075055086654059,0.5481573761648711
6,feature_99,0.1901379863330102,0.330732457868984,0.8082092607972428
6,feature_100,0.09054380736964301,0.08635374772514905,0.8184958177474096
6,feature_101,0.17070764370085809,0.08568368044320832,0.503477258978843
6,feature_102,0.3843314304862433,0.7277414821916998,0.6644233482278694
6,feature_103,0.3849538649337594,0.5974929467701104,0.5087349142662111
6,feature_104,0.26761892794313,0.051152414946819005,0.11249500479823323
6,feature_105,0.3588913222992137,0.7388686358871349,0.7195679782240108
6,feature_106,0.2910967101090247,0.6062495728393577,0.5806963853220213
6,feature_107,0.19400722842542395,0.3784326133829888,0.816625668341322
6,feature_108,0.08225409590828037,0.07408052928169152,0.8436123576135293
6,feature_109,0.15822712095644995,0.09748592208005907,0.4884384136733221
6,feature_110,0.391538792948695,0.7646414061343648,0.6739507346489796
6,feature_111,0.37735695735947056,0.5829376657907128,0.5188435152496027
6,feature_112,0.2317265644634331,0.05039532861701952,0.1151254832638417
6,feature_113,0.3153821850429039,0.5364329203944587,0.7486350379492922
6,feature_114,0.4100956210581745,0.6329445017441903,0.4032548691688532
6,feature_115,0.2204327481180962,0.3682202828926779,0.7744797139995627
6,feature_116,0.137053698584234,0.12994920146884506,0.8150471368271445
6,feature_117,0.11271951555188553,0.013102115203121477,0.7992639098049932
6,feature_118,0.3369069759092378,0.585067357615672,0.69266638364052
6,feature_119,0.35063188884500773,0.5678873281345447,0.6132610766405597
6,feature_120,0.18801541425818885,0.17379601781005954,0.294472114465949
6,feature_121,0.32168491724410303,0.5508217993977326,0.70905159163686
6,feature_122,0.4028200433226822,0.6337712942193447,0.40257842968489743
6,feature_123,0.21974161969386896,0.3845863447212914,0.7549074405737002
6,feature_124,0.12246568293062388,0.13356701070190133,0.7794927811992174
6,feature_125,0.1236545434962123,0.001488745106472458,0.8313883506629367
6,feature_126,0.3385893799590708,0.5875060284003512,0.6727445317406496
6,feature_127,0.3419491616701971,0.5464428165149071,0.5967267519046526
6,feature_128,0.17480044040737683,0.14914111441893826,0.2820819590494582
7,feature_1,0.44376770421286615,0.6552994713342204,0.3387492414525654
7,feature_2,0.24786618765158247,0.121864583005563,0.3991766678060527
7,feature_3,0.43459301437320486,0.668766255947017,0.3753305062583469
7,feature_4,0.4488114324319697,0.680567412003067,0.4182552515222233
7,feature_5,0.4231971938328401,0.5679282664852475,0.43888233792933834
7,feature_6,0.4478821515036741,0.6651095389724894,0.35396732578242984
7,feature_7,0.4318059179987021,0.6130827450510482,0.44517583139713385
7,feature_8,0.3813329947118224,0.463916104996704,0.3051036307308823
7,feature_9,0.17289854804053506,0.32355070458903634,0.5201709873170725
7,feature_10,0.07228074883061986,0.09672381565670132,0.6339434990794937
7,feature_11,0.1754311184740348,0.28884999069889306,0.5426739015101071
7,feature_12,0.18576988195846322,0.27958358311541837,0.5484290381274894
7,feature_13,0.21545812173570827,0.11764386060398818,0.503818928493521
7,feature_14,0.16257933117804224,0.3016025170189005,0.5327944944711712
7,feature_15,0.1452505277471296,0.2776110646573323,0.537618734205519
7,feature_16,0.2485005898274807,0.19719209778406224,0.5040686560775824
7,feature_17,0.17051693910723437,0.36029930071059674,0.8795779320841342
7,feature_18,0.24439808510281957,0.4404662750232536,0.6221810390153842
7,feature_19,0.1677487362455809,0.17025338003384077,1.0042347080064062
7,feature_20,0.11194658276765146,0.037195945333006256,0.9032325095841752
7,feature_21,0.12008464853564313,0.020614192957049388,0.2073141368834444
7,feature_22,0.1290697967883735,0.27122557661142777,0.8323544908904034
7,feature_23,0.08766258742506566,0.16850711604073146,0.7646915978064593
7,feature_24,0.23333912889896205,0.30668034094270197,0.680780947548282
7,feature_25,0.1607552441510699,0.34096606696891163,0.914034153172627
7,feature_26,0.26123677681522456,0.4061330528376333,0.5468416718223704
7,feature_27,0.16052423013716832,0.14424791027837225,0.9123948460469247
7,feature_28,0.12317730666116677,0.05321058072183108,0.6518712602748777
7,feature_29,0.11647239548143679,0.013366439245292685,0.07299010767720979
7,feature_30,0.12229784862601478,0.2538849644699402,0.8273175603720926
7,feature_31,0.08648036667783332,0.11179687186082986,0.4044888260582122
7,feature_32,0.24433235433836337,0.02589735559302526,0.12395079169818005
7,feature_33,0.21330710696046806,0.4683891745465246,0.6280805457116437
7,feature_34,0.1409334766876677,0.1009577517367617,0.16517536804519528
7,feature_35,0.18804853290939705,0.34486966675071284,0.6168636871043278
7,feature_36,0.22388770740936859,0.3005107963011609,0.409903980531809
7,feature_37,0.19378460341047035,0.004384231850042165,0.18114035642802798
7,feature_38,0.183915751913528,0.38818020712829515,0.5926064556273276
7,feature_39,0.13926100426998056,0.11558220019765626,0.27494672841951345
7,feature_40,0.44905788781069383,0.08914867650397396,0.07458426145127751
7,feature_41,0.27842511514196555,0.5909113076394634,0.5641038815043384
7,feature_42,0.18113215433770094,0.014215826906073545,0.0016823430745376113
7,feature_43,0.27247561792166786,0.4643080886108996,0.5507380049182989
7,feature_44,0.23025780688114794,0.33181079072609676,0.4068563046865309
7,feature_45,0.18339695004587858,0.013514780341658244,0.19009800536107377
7,feature_46,0.255486291263607,0.5119624486696684,0.5246693518033524
7,feature_47,0.17789763158853533,0.2788745988733083,0.4341545178475091
7,feature_48,0.45068986746503953,0.18220957283068648,0.13683598881911005
7,feature_49,0.16189062764669537,0.37842866182461526,0.8447361506254963
7,feature_50,0.2787545153746311,0.03363256980458409,0.021348350152141437
7,feature_51,0.18340683998346885,0.2084137262358629,0.9658361585749441
7,feature_52,0.1173173786869699,0.11032293951195218,1.0251152800981147
7,feature_53,0.1235173432418068,0.07364137673820921,0.9978700828923907
7,feature_54,0.1256829596701874,0.3042579270205167,0.8198471302827434
7,feature_55,0.11153036567717689,0.21837457302229044,0.805043875965581
7,feature_56,0.1978067290668858,0.179609745858274,0.5251730452012953
7,feature_57,0.17246474365538345,0.3786673733286142,0.8530560511620601
7,feature_58,0.28526036823503187,0.023476435967121564,0.01086946678605967
7,feature_59,0.18317797189942175,0.2136653313669519,0.9665395927407066
7,feature_60,0.1241944307615499,0.12868881215856626,1.0031644460678544
7,feature_61,0.12181739359185227,0.04579432274289862,0.992576743006184
7,feature_62,0.13836890390894657,0.31084054428456137,0.8120842536149837
7,feature_63,0.11408341574559233,0.24254158986471078,0.7748536885324743
7,feature_64,0.17156275335675908,0.1020649766940119,0.4227737516209522
7,feature_65,0.16839027597077771,0.30208796308883973,0.5414587159169679
7,feature_66,0.15387366696353583,0.2232499363129926,0.5898884921942521
7,feature_67,0.1542380085323104,0.2898113045492648,0.5574092603468708
7,feature_68,0.1534592225977236,0.28698738770437704,0.5521948858728758
7,feature_69,0.2117059167344695,0.1601828101939585,0.628465544129762
7,feature_70,0.1698261829473311,0.304431268381856,0.5510579434300098
7,feature_71,0.14917603990944361,0.2754584499047752,0.5721838108988506
7,feature_72,0.18976154474107465,0.15133532962139185,0.561540179408146
7,feature_73,0.22972305049153674,0.39997209273815315,0.4049074637592426
7,feature_74,0.18243352084250697,0.2762764317221133,0.5065722175855428
7,feature_75,0.20496536445889502,0.39784845539535574,0.3924179956866884
7,feature_76,0.2137734734986293,0.39249812219462377,0.37711523442047307
7,feature_77,0.2292298131795454,0.3073951128140731,0.42369418134693265
7,feature_78,0.21520994028297072,0.39826153615408355,0.41774685559206426
7,feature_79,0.20571984540534727,0.3804844865528637,0.4264928646892777
7,feature_80,0.2128023469381709,0.2851368304465763,0.375245799722409
7,feature_81,0.15282169482834174,0.32242214562543703,0.8960782317329297
7,feature_82,0.2358800031479858,0.44960170147007983,0.5737951059746932
7,feature_83,0.1423519363214909,0.179076080176708,1.0041722767124335
7,feature_84,0.13480101562194935,0.09063306353287673,1.141267641697148
7,feature_85,0.08669155416590524,0.042751712639374245,1.1682954326812227
7,feature_86,0.1292848562803134,0.28030379767387276,0.8381014991611585
7,feature_87,0.11681569760750754,0.25719691472222533,0.7953512159441415
7,feature_88,0.07569884188364306,0.006710813933735971,0.5366512793496621
7,feature_89,0.14499754127754388,0.30615712631956876,0.9057711276735321
7,feature_90,0.2762399987422985,0.49610719658074726,0.5652509063323827
7,feature_91,0.13384658999383692,0.13357958988784535,1.0629155745634222
7,feature_92,0.11232921139083818,0.03122765348267859,1.215980219544696
7,feature_93,0.08236801866623089,0.12171138029824438,1.205605808754815
7,feature_94,0.11844431841512448,0.2431478723541964,0.8669395399763276
7,feature_95,0.09741985056957414,0.20449897720542867,0.8338095101343116
7,feature_96,0.09559655660363492,0.04132527872814701,0.5335165359215677
7,feature_97,0.17376438408617606,0.3814492074749915,0.8568666524696172
7,feature_98,0.2107356765363423,0.3713347803935334,0.7756027867509485
7,feature_99,0.15823652896032636,0.22452833927490926,0.867411600146875
7,feature_100,0.15155876845832061,0.20806992002898633,0.7801274146283649
7,feature_101,0.1522395880299846,0.04730027223561628,0.5319050476315847
7,feature_102,0.1661034145056181,0.3455166117472256,0.8000352901585316
7,feature_103,0.17059941745468557,0.29805458651058436,0.6585272621035735
7,feature_104,0.14163706177604896,0.003333773327664733,0.17011948256094112
7,feature_105,0.18023464250138155,0.4348561321399886,0.8306753115654365
7,feature_106,0.20577363360365675,0.39174991425913525,0.7836999361865268
7,feature_107,0.1743365076456448,0.24680596939894592,0.8817823893802341
7,feature_108,0.1483384275064542,0.18063639587014593,0.8240790192985381
7,feature_109,0.14162101395278928,0.015885333960328388,0.5399391289803542
7,feature_110,0.16219786882108073,0.37051008578237493,0.7915547665746067
7,feature_111,0.15301314909188218,0.287858576859713,0.6699130302304975
7,feature_112,0.12397041434499978,0.0016008682797572038,0.17368651600731394
7,feature_113,0.14139046644537773,0.34155465288890985,0.8811504507411263
7,feature_114,0.27861899523925454,0.5021386276576913,0.49997729766353044
7,feature_115,0.16101606792968942,0.21060812033884077,0.9880577725376184
7,feature_116,0.1322724571442646,0.15809369222982098,1.020456454085651
7,feature_117,0.10859212119987893,0.06872026622975952,1.0288990948043868
7,feature_118,0.12707865378729333,0.30912541440321273,0.8390605134730348
7,feature_119,0.128262274053996,0.30079597957275483,0.7839341138335121
7,feature_120,0.03222360924968537,0.07750293088925338,0.4380993623554247
7,feature_121,0.14730068381920836,0.3576018832304182,0.8479275523460231
7,feature_122,0.28041854402484717,0.508689723257809,0.4898056183626539
7,feature_123,0.14985601976942542,0.22009021439497514,0.9585949334130145
7,feature_124,0.13713037582835808,0.15551310932217086,0.9706810579532451
7,feature_125,0.09907179670169641,0.057542981506468895,1.031584527650231
7,feature_126,0.13284276132842207,0.3167836869044761,0.8186277152491115
7,feature_127,0.12475619787693831,0.2919459290624029,0.7656559482504928
7,feature_128,0.04552860760081823,0.061046289000938884,0.42318644535255584
8,feature_1,0.735328826690953,0.7099539755075058,0.04794606634354691
8,feature_2,0.5472128511995622,0.29676605503508235,0.42955246462363206
8,feature_3,0.7146876349534157,0.7283229209534832,0.0397341956820021
8,feature_4,0.6897984838184174,0.7497086926078812,0.03936221702347711
8,feature_5,0.6169931203153795,0.7042225471808893,0.04886738143951156
8,feature_6,0.7751724196906921,0.7212217836442484,0.027881316663133707
8,feature_7,0.7578770037241798,0.7048463356577291,0.03429807070457672
8,feature_8,0.6266178375812926,0.5292953145951468,0.025465464952379238
8,feature_9,0.20983038092672646,0.32017794217148304,0.48239110262616397
8,feature_10,0.292134327018048,0.15885532018300624,2.4204822684539695
8,feature_11,0.2699324858793297,0.3956135014713459,0.4398263184751664
8,feature_12,0.3113239010248977,0.3727161744950941,0.6512101646418671
8,feature_13,0.18401339165458763,0.16854253466078542,0.6680801088108073
8,feature_14,0.2734749462324213,0.36350125468785865,0.3994540744740001
8,feature_15,0.1546603556570334,0.15311403439002985,0.6772090666211038
8,feature_16,0.17817485259345722,0.1532619436271292,0.43955531648857143
8,feature_17,0.5108475822761537,0.8288459575569533,0.4299886818545937
8,feature_18,0.5016226478020498,0.6313526117196053,0.32302307013827714
8,feature_19,0.5943487388670112,0.8115346582572677,0.30550221007733214
8,feature_20,0.4984585914818473,0.6130311567103127,0.24873226513237018
8,feature_21,0.38224152011527424,0.1513768669644142,0.0722426068904443
8,feature_22,0.5883413076104105,0.8817654242613606,0.3390296868003277
8,feature_23,0.5485212312454837,0.7865301280718835,0.32782672893943265
8,feature_24,0.3311655271788162,0.3678333747430523,0.3268653187632913
8,feature_25,0.48591139787153076,0.8407396344680398,0.44842822294082796
8,feature_26,0.485041282383475,0.5776551495310338,0.2892589196733101
8,feature_27,0.5959200776476524,0.7546802295880123,0.28071382234414394
8,feature_28,0.5117625931579419,0.49578806923359153,0.20045615918894097
8,feature_29,0.3879667517541271,0.0695325695502779,0.02600834180269518
8,feature_30,0.5976645843755477,0.8764875428468213,0.3237106564960913
8,feature_31,0.5616349619671878,0.4821860648967496,0.18476764936602913
8,feature_32,0.3120956742219201,0.099869478932298,0.0703290620278578
8,feature_33,0.3439970582827726,0.5763926875536899,0.4583980285550914
8,feature_34,0.38772944753011207,0.18602043122233242,0.1318988906707486
8,feature_35,0.32829222197992963,0.5907533976895435,0.5929748803756669
8,feature_36,0.35796807723718016,0.4497493067101256,0.6093964062117391
8,feature_37,0.19912176058355463,0.07707061221358275,0.29546148852244286
8,feature_38,0.39556048692261314,0.6546473434286987,0.40571315606419334
8,feature_39,0.34016384680836503,0.28048361146491085,0.20797147567761973
8,feature_40,0.3167883118049232,0.04251827785356378,0.06903879881561205
8,feature_41,0.39618474668308556,0.6288248717502767,0.41357977807029783
8,feature_42,0.4288792826998806,0.012317803974763307,0.0013680469148748006
8,feature_43,0.3542524489368343,0.6308008262523287,0.5576477580187955
8,feature_44,0.36110434117078627,0.469497807058993,0.5589157616452656
8,feature_45,0.2269868349602569,0.09873666967474762,0.2851000996960079
8,feature_46,0.4751236761203539,0.7089322013348199,0.3611021377328313
8,feature_47,0.3945428579980075,0.49462214649752895,0.32671562518815334
8,feature_48,0.29353249785143476,0.09995877533302651,0.14436525924678473
8,feature_49,0.4669291978262078,0.8266242555104509,0.4392334784547771
8,feature_50,0.49924319193422184,0.039194537530373705,0.014855187454604441
8,feature_51,0.5422487033782715,0.8807506620458899,0.4023101730285756
8,feature_52,0.47038400526772617,0.7486715523800682,0.3888957836245892
8,feature_53,0.40340221569457446,0.6381060120990754,0.3707416178343796
8,feature_54,0.5899425766535401,0.8962000141864679,0.38546656735738277
8,feature_55,0.5704643894012664,0.8455702684813814,0.3873546934771035
8,feature_56,0.3335150527841558,0.3472694050353324,0.28381819888755416
8,feature_57,0.4665657589245629,0.8313581442739847,0.4471282105364621
8,feature_58,0.4906168627098859,0.02499295399472022,0.007431370265495884
8,feature_59,0.5333380366602958,0.8677895860133618,0.3939106386432546
8,feature_60,0.46383996716222625,0.7284966680075945,0.39033650322655156
8,feature_61,0.40247223968154194,0.6254246953220505,0.3776799308756295
8,feature_62,0.5905711121657965,0.9017940882358717,0.37475865900724836
8,feature_63,0.5789987899622451,0.8481985009381499,0.3629155685670154
8,feature_64,0.3494507796833378,0.32010339622980605,0.24058159553285008
8,feature_65,0.30301611530847417,0.4339235777755768,0.40656959642198276
8,feature_66,0.2894406033940917,0.4190769462340242,0.2637242589272585
8,feature_67,0.34062349012515125,0.5011648082146278,0.39288100919616264
8,feature_68,0.40295326175724855,0.5246649056489563,0.40777727619734927
8,feature_69,0.2630677663900255,0.3813014816189353,0.5152082015074011
8,feature_70,0.3428981900742698,0.4829743642533984,0.368144619676063
8,feature_71,0.3159566780829239,0.45578324378900853,0.39454298458363324
8,feature_72,0.22104781573220111,0.32495369505535265,0.4185395373705931
8,feature_73,0.3322430166283987,0.48019497187390314,0.2820346558208799
8,feature_74,0.3279544375889891,0.4327877204671482,0.21724983326224587
8,feature_75,0.3911714277162782,0.5116854033166921,0.2752468159306735
8,feature_76,0.4158938245316983,0.5203099407147451,0.2862657652612278
8,feature_77,0.2954245180158802,0.4336216504538774,0.35578799847143494
8,feature_78,0.3835926576790364,0.5073022979288447,0.2660811802181806
8,feature_79,0.37049816784036055,0.49158843972868427,0.27897886518711573
8,feature_80,0.27537979365221893,0.38772040183198125,0.26740544547161127
8,feature_81,0.5089790787465206,0.8302454613025025,0.39950130785905863
8,feature_82,0.5404678527602116,0.6556075768022883,0.3358462980871599
8,feature_83,0.5699406098077194,0.8504635762746652,0.33267558593365576
8,feature_84,0.49421276996027824,0.7458385671119437,0.2910517378051186
8,feature_85,0.4579308781966589,0.6915541367870072,0.2874549662119251
8,feature_86,0.5783702544499886,0.8825244776613439,0.37535545360513173
8,feature_87,0.5698914386622027,0.8522584984390073,0.36701526414843333
8,feature_88,0.46212966644860326,0.49612057517394414,0.2614991302352565
8,feature_89,0.5444977488166857,0.88902845381434,0.407618621934836
8,feature_90,0.5512021276140877,0.677503249034281,0.32329917876188496
8,feature_91,0.579738495020887,0.8823336606053148,0.3324771762304391
8,feature_92,0.5063708701582456,0.7648957526979236,0.3042413037206072
8,feature_93,0.47129687827362243,0.6876802663925288,0.3107060189839938
8,feature_94,0.606025816989272,0.936491893696548,0.37200668526483993
8,feature_95,0.5957105658102335,0.9046962455652023,0.36316269142056634
8,feature_96,0.48305519567978034,0.5108391731966533,0.26085499731008915
8,feature_97,0.47520063965246695,0.767372077764964,0.4578087297626507
8,feature_98,0.5294150343984232,0.7515777965767909,0.46690714713928794
8,feature_99,0.46546047708838406,0.7983396364624188,0.5756538947007944
8,feature_100,0.45285342295309067,0.6833252208568569,0.6626063571149279
8,feature_101,0.37317265058128846,0.420641919087349,0.48641072147398434
8,feature_102,0.5743467720211906,0.9113441166853865,0.390951499364707
8,feature_103,0.5379045395656691,0.8033707075429598,0.33300014703553804
8,feature_104,0.35889805325021273,0.1552750563369689,0.10365022287142758
8,feature_105,0.499181193533353,0.815230703092793,0.43910453656921633
8,feature_106,0.5114910829196544,0.7759506222270335,0.4697960767598724
8,feature_107,0.4828456838423616,0.8606810431662698,0.5301162057408833
8,feature_108,0.4811931057778233,0.7322028663807827,0.5794480352800567
8,feature_109,0.4032076689883999,0.4328470134471781,0.4089384414548195
8,feature_110,0.6057735476340127,0.9570646284463522,0.3730639443704941
8,feature_111,0.5787529342346618,0.8382577773127516,0.32343661883423014
8,feature_112,0.39895543383915477,0.1703884712265603,0.10413965059375806
8,feature_113,0.4497855710480295,0.8009537023308104,0.44690989177859386
8,feature_114,0.5249083920180266,0.6476643129752251,0.35206687535530296
8,feature_115,0.5332332807415864,0.8792646531043358,0.43187490755448515
8,feature_116,0.47456782838842637,0.7512144376302214,0.39504154239831707
8,feature_117,0.44807099458262245,0.6938936812039193,0.3812123830441577
8,feature_118,0.5618316465492544,0.8647160846262146,0.43327206172100213
8,feature_119,0.568794708329592,0.8413083712268709,0.4120418603268783
8,feature_120,0.45409339097046736,0.4452330008151033,0.24195838943267203
8,feature_121,0.47219906190005856,0.8271369602799438,0.42735188346017733
8,feature_122,0.5259196073149561,0.6588670811996064,0.3440055778741301
8,feature_123,0.5377869563916076,0.8940481730349612,0.4298362483122922
8,feature_124,0.4740996335680721,0.7629748558725236,0.3953539584366422
8,feature_125,0.4555706632118592,0.724488496865216,0.39306483468926917
8,feature_126,0.571992970664067,0.8837829874818021,0.4184159045941466
8,feature_127,0.5751848193708659,0.848351504001307,0.4031374600639985
8,feature_128,0.4569773855488141,0.4373989930626479,0.23544910927698567
9,feature_1,0.3145519806261893,0.44527564626466437,0.26422121946764937
9,feature_2,0.38699186991869916,0.26007376677442234,0.07658279666669884
9,feature_3,0.3282520325203252,0.4571670329661584,0.21818949140551117
9,feature_4,0.36148373983739834,0.4685911916800598,0.21397253687930215
9,feature_5,0.25822089603874765,0.3522187851149755,0.29086190544282886
9,feature_6,0.29930807818716487,0.48667597383866945,0.2290357972959977
9,feature_7,0.3080544023525342,0.4788539602711039,0.22233349266781888
9,feature_8,0.2925704895346827,0.35503916803174984,0.19182985897583862
9,feature_9,0.4444775990313095,0.6097003251820592,0.3028815201722518
9,feature_10,0.35458181975436776,0.04746232264676972,10.572009703376315
9,feature_11,0.42567029925618405,0.6184728849979896,0.25354676150883865
9,feature_12,0.43269979242345613,0.6143112883886097,0.2986717820092664
9,feature_13,0.37259124718906766,0.44822268475431176,0.31720404672089253
9,feature_14,0.43835409098771844,0.6368274462705532,0.3129793652463221
9,feature_15,0.4278044455976475,0.5202521020701694,0.7289646290674242
9,feature_16,0.3518141325030272,0.4257088463781391,0.33751999191336346
9,feature_17,0.6054380729977512,0.9208471983327036,0.33958704065979783
9,feature_18,0.5259211209133369,0.6595750204563746,0.2657327837900319
9,feature_19,0.633229545061408,0.8267406784592092,0.13941115877375942
9,feature_20,0.5049104826154645,0.6198806121453588,0.17225619959857544
9,feature_21,0.45022919910050163,0.15051113468290844,0.04454540932597344
9,feature_22,0.6339020065732572,0.9409965752849105,0.20116420059525247
9,feature_23,0.6186840512022141,0.8459594652097807,0.18164558386712656
9,feature_24,0.4441705587268639,0.4172087162197484,0.2167666645832138
9,feature_25,0.599409704203425,0.9321984124963913,0.36875854473970815
9,feature_26,0.513522746929597,0.5996309910710265,0.2530444816832431
9,feature_27,0.6269222452862826,0.7688242843920023,0.13095915935870728
9,feature_28,0.5036844836533472,0.5063167273760141,0.1338242643968641
9,feature_29,0.45778195813873035,0.06885199082016637,0.01578943504935515
9,feature_30,0.6383800380556998,0.9317247850987174,0.19395099701408602
9,feature_31,0.6253783947413942,0.5164391355618329,0.1071469929167159
9,feature_32,0.4346436602663899,0.11067999145999169,0.04664429012238528
9,feature_33,0.33394308943089435,0.44706568555490406,0.3949545769297988
9,feature_34,0.37836663207057597,0.1721108820401783,0.10106546421926856
9,feature_35,0.2355820792250476,0.31508929226526566,0.45496593461578966
9,feature_36,0.2901033558207923,0.2779139368966898,0.5494039860975571
9,feature_37,0.15399801072478808,0.017077657875158306,0.24402197035692103
9,feature_38,0.35930851063829783,0.5034795754234196,0.29560870839155085
9,feature_39,0.29407109496626876,0.1955868379853117,0.14800797400239216
9,feature_40,0.5471890676353572,0.09932286082745521,0.05484196698299405
9,feature_41,0.41077235772357723,0.5708084918277542,0.3671405050731825
9,feature_42,0.34298780487804875,0.011614486748602795,0.0012986013381596966
9,feature_43,0.3308445770627919,0.48577843233680706,0.39469381528567665
9,feature_44,0.333700916796402,0.4194257358295696,0.4541821671520328
9,feature_45,0.12249178342847257,0.059201017690026746,0.20622612958263706
9,feature_46,0.4818975955717004,0.6228408921045656,0.26531305778966335
9,feature_47,0.3609972323127487,0.38302345614119676,0.34066634101416227
9,feature_48,0.4671531741913164,0.17966166921555934,0.13497694599677298
9,feature_49,0.585902093063484,0.9903385097762754,0.32742945420141806
9,feature_50,0.5718560802629303,0.04182191530263835,0.016056707305431038
9,feature_51,0.5883800380556997,0.9229933589072955,0.21370353686957605
9,feature_52,0.4711446981491092,0.7797292093178707,0.27947369362527574
9,feature_53,0.4263730323473447,0.6562965931807307,0.2510426598066119
9,feature_54,0.6197759903130946,1.0025266784667284,0.2393500796127523
9,feature_55,0.6073841030963502,0.955385029510858,0.2236878500327748
9,feature_56,0.43125540563916276,0.43466867063201226,0.18602065424712486
9,feature_57,0.6043980280228335,0.9986191751344883,0.3335807744289439
9,feature_58,0.5838414634146342,0.02632531127032324,0.005349805713677764
9,feature_59,0.5956019719771666,0.916798589256033,0.20983131527963447
9,feature_60,0.4753243383497665,0.7718128255682095,0.27268548941265086
9,feature_61,0.4275038920601971,0.6617424334655571,0.24658189887424506
9,feature_62,0.6388816813700051,1.0082655082744578,0.23476305180268894
9,feature_63,0.6223361010205847,0.9554002964698893,0.21674298728436955
9,feature_64,0.4798693997578274,0.39989270579034614,0.15282539764082823
9,feature_65,0.4191316381248919,0.594410527609213,0.35612782879771204
9,feature_66,0.3892730496453901,0.5171146603952894,0.20026024740914009
9,feature_67,0.38375929769936,0.6105470651217126,0.2891210285710434
9,feature_68,0.3876145995502508,0.6143521829889933,0.27032501349841487
9,feature_69,0.3594014876318976,0.5341061101131327,0.38649445374829283
9,feature_70,0.35966960733437126,0.6229798677239499,0.3226527915068028
9,feature_71,0.3464279536412386,0.611314628163814,0.3389719544324542
9,feature_72,0.3308380902957966,0.48089931768155697,0.3215478014167245
9,feature_73,0.357894395433316,0.5474849671473373,0.27950324975014257
9,feature_74,0.3995243037536759,0.4793662286241159,0.17956172602023862
9,feature_75,0.3510097733956063,0.5514785398243496,0.23027099310651916
9,feature_76,0.3580349420515482,0.5517492456256569,0.21338460373538512
9,feature_77,0.36959652309289054,0.48815124866699205,0.31886775690784264
9,feature_78,0.386397249610794,0.5640069608491376,0.26446588400924054
9,feature_79,0.37227772011762666,0.5590293095106668,0.27397638310936295
9,feature_80,0.3274476734129043,0.44870051698631036,0.25201234434981257
9,feature_81,0.5620372772876665,0.9427415165896337,0.2593960726064062
9,feature_82,0.5382113821138211,0.7214788045272688,0.1846612268589909
9,feature_83,0.6077279017471027,0.8807596042766284,0.1730630290538367
9,feature_84,0.527045493859194,0.7547400683695592,0.2060486365347803
9,feature_85,0.47707792769417057,0.6692579594352661,0.1828209992917311
9,feature_86,0.5889833073862654,0.9554940071069219,0.21894711540123862
9,feature_87,0.5909142016952085,0.9253800395326287,0.20077034406454333
9,feature_88,0.4981988410309635,0.5525031750277638,0.14921145258188606
9,feature_89,0.6247167445078706,1.0029966284469805,0.25676333146536473
9,feature_90,0.5646341463414635,0.7421867074833657,0.17581015482556353
9,feature_91,0.614841722885314,0.9063182198214371,0.18295099034997017
9,feature_92,0.49057472755578624,0.7650669820818734,0.23976699232419166
9,feature_93,0.4478918007265179,0.661098363005592,0.2192360710867611
9,feature_94,0.6729263968171596,1.01493853821088,0.208073417165918
9,feature_95,0.6793353226085452,0.98286337657295,0.18670094491147116
9,feature_96,0.5853572046358761,0.5726549176583569,0.13499501576900605
9,feature_97,0.5768314305483482,0.9207054208645953,0.3608321777855864
9,feature_98,0.4137324857291126,0.6631820294422479,0.3808760456890661
9,feature_99,0.47611788617886175,0.8127334872570356,0.4013471560534536
9,feature_100,0.382894395433316,0.7510124734267184,0.4934520092761213
9,feature_101,0.2968517557516001,0.45754945949013953,0.33525232964893614
9,feature_102,0.6196743642968344,0.9545981346814726,0.27234158684944115
9,feature_103,0.603641238540045,0.8495450198986025,0.22879831472876364
9,feature_104,0.4297872340425532,0.17923518214085477,0.06875584511306371
9,feature_105,0.5978788271925273,0.9337963489904438,0.37356677894594453
9,feature_106,0.4231404601280056,0.6694577049691527,0.4454720116336765
9,feature_107,0.53710646946895,0.8543263214878107,0.3701681379683512
9,feature_108,0.41703208787407026,0.7690026392303924,0.46504701040691393
9,feature_109,0.32840555267254806,0.45610503232274735,0.3088954220696411
9,feature_110,0.6721133886870784,0.9784197571414446,0.2485776416376945
9,feature_111,0.6458571181456496,0.8727035146907015,0.19938926278729177
9,feature_112,0.4541882892233178,0.187570730343472,0.06661302744917087
9,feature_113,0.5837182148417229,0.9678181366340981,0.29213976817702697
9,feature_114,0.5959327970939283,0.7374195832177646,0.16565981080535228
9,feature_115,0.5504346133886872,0.9027036710854525,0.25696857216535224
9,feature_116,0.4318154298564263,0.7425800182887445,0.31200759875414447
9,feature_117,0.4020519806261893,0.671198146970925,0.28426057338557204
9,feature_118,0.588386524822695,0.9701298094448185,0.24308987954881234
9,feature_119,0.60443046185781,0.9403498154117792,0.21127982681220192
9,feature_120,0.5173931845701436,0.5205508686454791,0.13742018703770895
9,feature_121,0.5980474831344058,1.012478190952553,0.28641973709728374
9,feature_122,0.6014270887389725,0.740985292483128,0.1633734601297037
9,feature_123,0.5525557861961599,0.9352556450950712,0.27028440351908306
9,feature_124,0.4307991696938247,0.7546745007483971,0.3310901511787096
9,feature_125,0.39006011070749014,0.7069309409798609,0.32010662141305823
9,feature_126,0.6271125237848123,1.0023459861547557,0.2371741285443028
9,feature_127,0.6427499567548868,0.9585294332730362,0.2063669699016636
9,feature_128,0.5602685521536066,0.529528515691658,0.13312715691052612
10,feature_1,0.09325466106261449,0.10831932614557963,0.7804110500369572
10,feature_2,0.06900608901821317,0.0803452918929025,0.31306769284959607
10,feature_3,0.09216887595646084,0.11334167485185984,0.7953957300445488
10,feature_4,0.10023197542838669,0.12682416688432252,0.8391539951701785
10,feature_5,0.13274194417501886,0.04796086972272012,1.4315037887113093
10,feature_6,0.11260615368035348,0.15789541903544402,0.7047657845391203
10,feature_7,0.13356746416639725,0.05488080812010166,1.101350827045861
10,feature_8,0.0790265653626468,0.40489912739698175,2.2443344145500124
10,feature_9,0.20555178359737036,0.10388578876625751,1.1221680404912222
10,feature_10,0.11212495958616228,0.03656345988675334,0.25830084019827826
10,feature_11,0.17469824334518802,0.12252309517280811,1.0935368639583491
10,feature_12,0.18937601034594254,0.14896515931446253,1.103119655277189
10,feature_13,0.2229938570966699,0.043159682924289434,1.6157658644036048
10,feature_14,0.2282147860760858,0.1698717350688345,1.0278798524265567
10,feature_15,0.2593884039228366,0.07950893459223754,1.8432389162852711
10,feature_16,0.19413487444767752,0.7889167868207595,3.5705576408889077
10,feature_17,0.25813907748679815,0.3703902885680526,1.329299863068597
10,feature_18,0.13877465244099574,0.33561621917399764,1.5777002944282497
10,feature_19,0.2558303696519021,0.39060465066984257,0.9699643036035126
10,feature_20,0.20732756762582177,0.37280841036068385,0.527189300336473
10,feature_21,0.22413433559650828,0.1130768678218461,0.15956509157191168
10,feature_22,0.2335663864640587,0.29984728606854005,1.363498794514692
10,feature_23,0.2656660200452635,0.2607976919246874,1.3845501267094023
10,feature_24,0.3131751805151417,0.14185243561736607,1.6692665983297565
10,feature_25,0.25999110895570643,0.3765125371607638,1.3017602448101955
10,feature_26,0.14744261235046885,0.288379361863199,1.3804985082873134
10,feature_27,0.2483745554477853,0.3538799950460902,0.893458838698939
10,feature_28,0.19974539282250242,0.29958918592663536,0.4182882038021491
10,feature_29,0.21457457700183208,0.05431036935186728,0.05664394393693385
10,feature_30,0.22137999784459528,0.291379936187145,1.2988619262505978
10,feature_31,0.25405674102812803,0.16823146409612144,0.7993295667114626
10,feature_32,0.3224749434206272,0.054420026127515356,0.34097883636323456
10,feature_33,0.09438139885763551,0.29569613436323733,1.5878694257970223
10,feature_34,0.3103995581420411,0.28225591717575915,0.5938961055849481
10,feature_35,0.10031199482702868,0.26792772676018756,1.3368959861432488
10,feature_36,0.04722518590365343,0.01457887337508099,0.7653414021539074
10,feature_37,0.07408449186334735,0.032785495189977414,0.34802486350096246
10,feature_38,0.13219985989869598,0.4597762505021267,1.677847259076598
10,feature_39,0.14521769587240002,0.2548856601878034,0.8983290654943014
10,feature_40,0.12855749541976502,0.03713792196178141,0.24595590894365654
10,feature_41,0.1140268347882315,0.05601698231632918,1.395709863824996
10,feature_42,0.3266173617846751,0.0062887432346584995,0.006894702609263611
10,feature_43,0.0809359844810863,0.006306615316862079,1.1591656361192506
10,feature_44,0.10498464274167474,0.1816845662257238,0.629181303507367
10,feature_45,0.07931943097316524,0.06326438957826094,0.2966789891858343
10,feature_46,0.1151473757948055,0.2015039733236684,1.4540755060243589
10,feature_47,0.1281458131264145,0.19566809660157536,1.3031229499288028
10,feature_48,0.2001562668390991,0.010505776531801231,0.4234295651820003
10,feature_49,0.2830358874878759,0.4252721502763108,1.3799425248265618
10,feature_50,0.10256681754499408,0.00037925797468814305,0.06644851921210704
10,feature_51,0.2412579480547473,0.372169475152582,1.1648235015050628
10,feature_52,0.1826101950641233,0.41418149504987417,0.7317996858550191
10,feature_53,0.1961129970902037,0.4146590366174955,0.6926920405602472
10,feature_54,0.22345942450695122,0.21909700944504987,1.598335934544927
10,feature_55,0.22571155296906997,0.14407342035808177,1.7300787725607696
10,feature_56,0.30412463627546077,0.07942242682172063,1.5386729426449275
10,feature_57,0.2907061644573769,0.4392047295507272,1.3614822745718616
10,feature_58,0.10968800517297117,0.00482674197178308,0.03337586876041881
10,feature_59,0.2507635521069081,0.3879291461960301,1.112913671065417
10,feature_60,0.1922165642849445,0.4347778223930331,0.6821109597765608
10,feature_61,0.206031899989223,0.4430137577427718,0.6485911406983218
10,feature_62,0.22452581097100976,0.2422977103641664,1.5435122496269102
10,feature_63,0.23310081905377733,0.19304662641900638,1.6122131976784868
10,feature_64,0.33364317275568484,0.1512024343132381,1.1902117718190681
10,feature_65,0.12304181485073823,0.0095143521483246,1.188910634962871
10,feature_66,0.1306840715594353,0.11253962190867821,0.7107483798780839
10,feature_67,0.11765357258325249,0.04681854534464877,1.2738393390220468
10,feature_68,0.11626414484319425,0.10471921216197601,1.4001560328529887
10,feature_69,0.1662304666451126,0.4544857286116908,2.053282566046271
10,feature_70,0.12071882745985557,0.04173495438750516,1.0861405377364048
10,feature_71,0.10610733915292603,0.30406920515551544,1.9737300078249866
10,feature_72,0.12921193016488844,1.4626962472471905,4.5816107861715665
10,feature_73,0.08063880806121348,0.011033232390775822,1.0591596379817187
10,feature_74,0.08332956137514817,0.057661900145535724,0.7203910367557629
10,feature_75,0.06939783381829934,0.07393074013068657,1.1895817121094479
10,feature_76,0.08420546395085682,0.13422088496754062,1.318044992440722
10,feature_77,0.19928332794482162,0.4895447958208985,1.9795957740145766
10,feature_78,0.07341874124366848,0.030887147424832603,0.980139398088157
10,feature_79,0.07483349498868413,0.22803590549680083,1.6320503844665755
10,feature_80,0.1376317491108956,1.270165378125526,4.040057523964196
10,feature_81,0.27409634658907206,0.418469415915578,1.3769415255358448
10,feature_82,0.1177128462118763,0.28027528749570746,1.6757971171760775
10,feature_83,0.2555577109602328,0.4247731452537252,1.0292496559957864
10,feature_84,0.19531792218989114,0.41123435046829515,0.6768188486567717
10,feature_85,0.1479208427632288,0.23531266188033773,0.8318208385047231
10,feature_86,0.2475932212522901,0.31406442778442656,1.4837701000977075
10,feature_87,0.22947677551460277,0.1984477982054749,1.644880510912936
10,feature_88,0.14599849121672592,0.35146720790807373,2.312855678190147
10,feature_89,0.276742644681539,0.40884149505012113,1.3894225174584711
10,feature_90,0.10655647160254339,0.23185641348935923,1.5467170715403888
10,feature_91,0.26621699536587995,0.4038778906973828,1.0280319912006255
10,feature_92,0.1799754822717965,0.4046906256502504,0.6607047862929623
10,feature_93,0.12273278370514074,0.21318710209682562,0.7678407250262227
10,feature_94,0.23672863455113696,0.3192649467107406,1.4557108638806688
10,feature_95,0.22055259187412435,0.20344961975126769,1.5909010764051739
10,feature_96,0.11601950641232894,0.35377275558883753,2.150118557572046
10,feature_97,0.22933775191292172,0.29407244336163885,1.4017157029273462
10,feature_98,0.2514543593059597,0.9493083272954764,2.148111427189982
10,feature_99,0.20945818514926173,0.32371540688399586,1.1001640309736784
10,feature_100,0.22153249272550918,0.4545308862653672,0.6556513096163984
10,feature_101,0.15287584869059165,0.09045301147903499,0.45450407542201327
10,feature_102,0.15608093544562984,0.030456393415431427,1.5472872374774207
10,feature_103,0.10267889858820994,0.12211117525301628,1.4255390726645722
10,feature_104,0.2931549735962927,0.3364078218400116,0.6165678846829401
10,feature_105,0.28941480763013255,0.4344983534462571,1.2985454666804714
10,feature_106,0.22289228365125557,0.92236980432656,2.268594648042305
10,feature_107,0.2983651255523224,0.49876315202055316,1.0148078745572306
10,feature_108,0.2758575816359522,0.5579472298056581,0.5675138353277006
10,feature_109,0.15867146244207353,0.13777131236584958,0.3858886628244072
10,feature_110,0.2075215540467723,0.16390338057879464,1.488676693482173
10,feature_111,0.14621133742860215,0.03444244695066356,1.4149606219246587
10,feature_112,0.27951934475697815,0.32299558365258424,0.5941042880475007
10,feature_113,0.2879256924237526,0.4151871499998611,1.4656941317165728
10,feature_114,0.1005240327621511,0.14546107564847027,1.512998127924522
10,feature_115,0.2306913460502209,0.3481324415672314,1.2676154046920816
10,feature_116,0.19147618277831668,0.37668782789850414,0.7792562909651262
10,feature_117,0.18056471602543378,0.28487002290522384,0.79996546054094
10,feature_118,0.21706029744584543,0.16786644312520477,1.7736795474584484
10,feature_119,0.20425988791895677,0.0375121398807815,1.9355580168498052
10,feature_120,0.16008621618708918,0.28616593049400824,2.0757668482920826
10,feature_121,0.30418310162733053,0.44458785347368696,1.3972441290353899
10,feature_122,0.08671031361138054,0.1635085523096211,1.5004056132664434
10,feature_123,0.22526268994503718,0.35597436005353783,1.2298768940045517
10,feature_124,0.1830585192369868,0.35189818206652806,0.7843377148016472
10,feature_125,0.16875282896863886,0.26538878908069785,0.8052330332540973
10,feature_126,0.21626710852462544,0.18618350539603803,1.7068627254523574
10,feature_127,0.19409688544024128,0.02854637240498898,1.8871740725546369
10,feature_128,0.16222814958508464,0.23305509593559723,1.8250267506293334
